review,rating,date,bank,source
Is too good,5,2025-06-17 11:00:09,Commercial Bank of Ethiopia Mobile,Google Play Store
·à∞·àã·àù ·ã®·àù·äñ·à®·ãç ·ãç·å≠ ·àÄ·åà·à≠ ·äê·ãç ·ã®·äï·åç·ãµ ·â£·äï·ä≠ ·ä†·ä´·ãç·äï·âµ ·ä†·àà·äù ·ä•·äï·ã¥·âµ ·àã·äï·âÄ·à≥·âÖ·à∞·ãç,5,2025-06-16 18:54:05,Commercial Bank of Ethiopia Mobile,Google Play Store
·ã≠·àÖ·äï ·â£·äï·ä≠ ·àò·å†·âÄ·àù ·ã´·àµ·å†·àã·äõ·àç ·åà·äï·ãò·â§·äï ·ã∞·åã·åç·àò·ãç ·ã´·ãô·äù ·â•·ã¨ ·ä†·àµ·â£·àà·àÅ ·ã≠·àÖ·àù ·â∞·àµ·çã ·ä†·àµ·âÜ·à´·å≠ ·àµ·à≠·âÜ·âµ ·ä†·àµ·àò·àµ·àé ·àò·å£ ·àõ·àà·âµ ·â†·à≥·àù·äï·âµ ·à∂·àµ·âµ ·åä·ãú ·åà·äï·ãò·â§·äï ·à∞·à®·âÅ·äù ·àõ·àà·âµ ·ã≠·å†·ã®·âÖ·àç·äù,5,2025-06-16 16:14:47,Commercial Bank of Ethiopia Mobile,Google Play Store
"it makes my life easy, and I feel like it deserves a 4-star.",4,2025-06-16 14:34:05,Commercial Bank of Ethiopia Mobile,Google Play Store
I'm commenting with another email again. It must prevent login for two step verification key without your real fingerprint. First I told you to add biometric security on this platform. Then you added it. perhaps it is not different from login password still. no number or any other characters to open two step verification key. The best way to protect our wallet which is invisible to anyone is only fingerprint. password can be cheated. login for two step verification should be only fingerprint.,3,2025-06-16 09:50:57,Commercial Bank of Ethiopia Mobile,Google Play Store
It's best app but Please add(included) water bill payment ?,4,2025-06-16 06:20:14,Commercial Bank of Ethiopia Mobile,Google Play Store
the system works even from wherever I am abroad CBE‚òÜ‚òÜ‚òÜ‚òÜ‚òÜ,5,2025-06-15 03:16:07,Commercial Bank of Ethiopia Mobile,Google Play Store
very nice to use this app,5,2025-06-14 21:12:45,Commercial Bank of Ethiopia Mobile,Google Play Store
good üëç,4,2025-06-14 11:13:59,Commercial Bank of Ethiopia Mobile,Google Play Store
Good service and have lightly internet accessed,3,2025-06-14 07:59:05,Commercial Bank of Ethiopia Mobile,Google Play Store
the best mobile banking ever in Ethiopia,5,2025-06-13 18:01:47,Commercial Bank of Ethiopia Mobile,Google Play Store
waw,5,2025-06-13 12:08:27,Commercial Bank of Ethiopia Mobile,Google Play Store
good app fast,5,2025-06-13 11:52:46,Commercial Bank of Ethiopia Mobile,Google Play Store
very good work cbe team well developed,5,2025-06-13 11:05:19,Commercial Bank of Ethiopia Mobile,Google Play Store
Excellent and easy to access and uptodate.,5,2025-06-13 00:11:40,Commercial Bank of Ethiopia Mobile,Google Play Store
Nice,5,2025-06-12 22:19:35,Commercial Bank of Ethiopia Mobile,Google Play Store
Best mobile banking app in Ethiopian banking industry. Keep up CBE,5,2025-06-12 11:16:19,Commercial Bank of Ethiopia Mobile,Google Play Store
it's very helpful app in any way in and out of the county of Ethiopia good luck,5,2025-06-12 08:32:14,Commercial Bank of Ethiopia Mobile,Google Play Store
good app,5,2025-06-11 11:08:34,Commercial Bank of Ethiopia Mobile,Google Play Store
So bad now and hard to use,5,2025-06-09 18:31:56,Commercial Bank of Ethiopia Mobile,Google Play Store
"it is so amazing app. but, it is better to update it to access without any internet fees. just make it to open by free internet service when we open data connection.",5,2025-06-09 16:20:06,Commercial Bank of Ethiopia Mobile,Google Play Store
v.good app,4,2025-06-09 11:49:09,Commercial Bank of Ethiopia Mobile,Google Play Store
very good app,1,2025-06-09 01:24:23,Commercial Bank of Ethiopia Mobile,Google Play Store
Very amazing app indeed. I'm enjoying it,5,2025-06-08 21:52:23,Commercial Bank of Ethiopia Mobile,Google Play Store
Best,5,2025-06-08 18:25:37,Commercial Bank of Ethiopia Mobile,Google Play Store
A great app. It's like carrying a bank in your pocket.,4,2025-06-07 20:21:52,Commercial Bank of Ethiopia Mobile,Google Play Store
More than garrantty bank EBC.,4,2025-06-07 18:21:26,Commercial Bank of Ethiopia Mobile,Google Play Store
really am happy to this app it is Siple to use everything,5,2025-06-07 11:02:38,Commercial Bank of Ethiopia Mobile,Google Play Store
I liked this app. But the User interface is very basic and not attractive at all.,2,2025-06-07 10:50:29,Commercial Bank of Ethiopia Mobile,Google Play Store
"""Why don‚Äôt your ATMs support account-to-account transfers like other countries( Kenya, Nigeria , South africa)""",4,2025-06-06 09:54:11,Commercial Bank of Ethiopia Mobile,Google Play Store
what is this app problem???,1,2025-06-05 22:16:56,Commercial Bank of Ethiopia Mobile,Google Play Store
the app is proactive and a good connections.,5,2025-06-05 15:55:10,Commercial Bank of Ethiopia Mobile,Google Play Store
I cannot send to cbebirr app. through this app.,3,2025-06-05 11:12:49,Commercial Bank of Ethiopia Mobile,Google Play Store
good,4,2025-06-05 10:21:59,Commercial Bank of Ethiopia Mobile,Google Play Store
not functional,1,2025-06-05 07:38:12,Commercial Bank of Ethiopia Mobile,Google Play Store
"everytime you uninstall the app you have to reach them out physically. very oldy! if that's one of security layer, they'd check for fraud attempt via app source directly(source:- app store, play store ... etc) implicitly ! we are in 2025, physical presence for every app install is traditional(traditionally very rare).",1,2025-06-04 21:33:36,Commercial Bank of Ethiopia Mobile,Google Play Store
·ä†·ä´·ãç·äï·âµ ·ã®·àù·äì·àµ·åà·â£·â†·âµ ·â¶·â≥ ·àµ·àù ·åΩ·çà·äï ·äê·ãç ·ä®·ãö·àÖ ·â†·çä·âµ ·ã®·àã·ä≠·äï·â£·â∏·ãç·äï ·ä†·ä´·ãâ·äï·â∂·âΩ ·ã®·àù·äï·çà·àç·åà·ãâ ·äê·åà·à≠ ·åç·äï ·ä†·ã≤·àµ ·ä†·ä´·ãç·äï·â∂·âΩ mr ·â•·àà·ãâ ·ã®·àö·åÄ·àù·à© ·â†·ãù·â∞·ãã·àç ·åç·äï ·ä†·çï·àç·ä¨·àΩ·äë space ·àµ·äï·åΩ·çç ·ä†·ã≠·âÄ·â†·àç·àù ·â¢·àµ·â∞·ä´·ä®·àç,4,2025-06-04 20:54:30,Commercial Bank of Ethiopia Mobile,Google Play Store
best,5,2025-06-04 19:59:04,Commercial Bank of Ethiopia Mobile,Google Play Store
Best Mobile Banking app ever,5,2025-06-04 16:50:52,Commercial Bank of Ethiopia Mobile,Google Play Store
good,5,2025-06-04 16:00:15,Commercial Bank of Ethiopia Mobile,Google Play Store
it was good app but it have some issues like it doesnt give me the right amount that I have in the bank and have some issues in transferring,2,2025-06-04 15:56:02,Commercial Bank of Ethiopia Mobile,Google Play Store
good,5,2025-06-04 14:59:40,Commercial Bank of Ethiopia Mobile,Google Play Store
Good,5,2025-06-04 14:52:50,Commercial Bank of Ethiopia Mobile,Google Play Store
üëåüëç,5,2025-06-04 12:43:21,Commercial Bank of Ethiopia Mobile,Google Play Store
very niec,5,2025-06-04 11:21:53,Commercial Bank of Ethiopia Mobile,Google Play Store
best app of finance,5,2025-06-04 07:38:54,Commercial Bank of Ethiopia Mobile,Google Play Store
yetemeta,1,2025-06-03 21:04:44,Commercial Bank of Ethiopia Mobile,Google Play Store
good,5,2025-06-03 11:32:52,Commercial Bank of Ethiopia Mobile,Google Play Store
it is not safety,1,2025-06-03 09:14:31,Commercial Bank of Ethiopia Mobile,Google Play Store
NICE bank,5,2025-06-03 08:42:36,Commercial Bank of Ethiopia Mobile,Google Play Store
it is like a childish app make it better the worst I have ever seen,1,2025-06-02 12:23:42,Commercial Bank of Ethiopia Mobile,Google Play Store
"It's a problem solver application, go ahead CBE, I love so much.",5,2025-06-02 10:40:18,Commercial Bank of Ethiopia Mobile,Google Play Store
It's good but try to make it facilitate for your client,4,2025-06-02 09:11:40,Commercial Bank of Ethiopia Mobile,Google Play Store
best app,5,2025-06-01 21:16:28,Commercial Bank of Ethiopia Mobile,Google Play Store
Awesome bank,5,2025-06-01 20:31:42,Commercial Bank of Ethiopia Mobile,Google Play Store
this app has developed in a very good ways but there are some comments I need to make 1- preventing the screenshot likely not good for someone like me coz I need to make screenshot for quicker evidence. 2-it would be good if you make us to access recent transaction histories for 30 days coz we don't have to go to the Bank's in person to see old transactions or add colander category so user can easily access old transactions through colanders.,5,2025-05-31 21:21:18,Commercial Bank of Ethiopia Mobile,Google Play Store
Masha alla,5,2025-05-31 14:37:05,Commercial Bank of Ethiopia Mobile,Google Play Store
"Recently there is big problem when sending to safaricom, telebir, and even to cbebirr wallet could anybody who is responsible fix it, it's very frustrating it's been 5 days and my money hasn't been returned it takes it out of my account but doesn't send it to my mpesa update- they have just corrected it and sent me back the money but still I'm afraid now to send again",2,2025-05-31 11:30:33,Commercial Bank of Ethiopia Mobile,Google Play Store
better service,5,2025-05-31 07:28:05,Commercial Bank of Ethiopia Mobile,Google Play Store
"it,s good app and time manager üëç",5,2025-05-30 19:13:36,Commercial Bank of Ethiopia Mobile,Google Play Store
malkaamuu Jiidhaa Namoo,5,2025-05-30 15:08:04,Commercial Bank of Ethiopia Mobile,Google Play Store
lower system everything,3,2025-05-30 13:45:05,Commercial Bank of Ethiopia Mobile,Google Play Store
Nice!,5,2025-05-30 11:55:13,Commercial Bank of Ethiopia Mobile,Google Play Store
Keep it up My CBE,5,2025-05-29 09:38:37,Commercial Bank of Ethiopia Mobile,Google Play Store
yes good,5,2025-05-28 15:56:18,Commercial Bank of Ethiopia Mobile,Google Play Store
"I was using this app for the last two years with no problems. It stopped working about 3 months ago. when I tried to transfer funds it gives me error ""can't do this transaction. inactive account.""",4,2025-05-27 23:47:06,Commercial Bank of Ethiopia Mobile,Google Play Store
i like everything of this app,5,2025-05-27 21:34:01,Commercial Bank of Ethiopia Mobile,Google Play Store
good,5,2025-05-27 17:48:15,Commercial Bank of Ethiopia Mobile,Google Play Store
ü§¨ü§¨ü§¨ü§¨ network üõú,1,2025-05-26 17:59:50,Commercial Bank of Ethiopia Mobile,Google Play Store
Best,5,2025-05-26 15:22:54,Commercial Bank of Ethiopia Mobile,Google Play Store
CBE is the best financial application and and very dimple to use. I would like to say thank you so much for the developer of application. I really appreciate this app.,5,2025-05-26 13:43:02,Commercial Bank of Ethiopia Mobile,Google Play Store
nice,5,2025-05-26 13:26:26,Commercial Bank of Ethiopia Mobile,Google Play Store
good job,5,2025-05-26 12:31:42,Commercial Bank of Ethiopia Mobile,Google Play Store
Good,5,2025-05-25 19:44:05,Commercial Bank of Ethiopia Mobile,Google Play Store
it's awesome!!,5,2025-05-25 18:13:12,Commercial Bank of Ethiopia Mobile,Google Play Store
best,5,2025-05-25 17:34:23,Commercial Bank of Ethiopia Mobile,Google Play Store
thankyou every one,5,2025-05-25 14:10:07,Commercial Bank of Ethiopia Mobile,Google Play Store
best app,5,2025-05-25 13:35:41,Commercial Bank of Ethiopia Mobile,Google Play Store
Ronaldo üáµüáπ ü•á,5,2025-05-25 12:56:24,Commercial Bank of Ethiopia Mobile,Google Play Store
"this app is absolutely fantastic I love it and I enjoying to it ,let us support this foundation together .",5,2025-05-25 11:51:45,Commercial Bank of Ethiopia Mobile,Google Play Store
"The CBE app has been highly unreliable in recent weeks. It frequently fails to work properly on both Ethio Telecom and Safaricom networks, whether using Wi-Fi or mobile data. This week, the system was down entirely for extended periods, making it very difficult to access banking services. The app only functions intermittently, and the lack of consistency is frustrating. I hope the issues are addressed soon, and that any non-technical influences are removed from such essential services.",2,2025-05-25 10:54:25,Commercial Bank of Ethiopia Mobile,Google Play Store
mortuary app,5,2025-05-25 09:23:34,Commercial Bank of Ethiopia Mobile,Google Play Store
it is smart app but it has stoped after some period of time on my device with out any reason .,5,2025-05-25 07:30:44,Commercial Bank of Ethiopia Mobile,Google Play Store
amazing app I am used this app for one year,4,2025-05-24 23:26:43,Commercial Bank of Ethiopia Mobile,Google Play Store
üëç,5,2025-05-24 18:36:13,Commercial Bank of Ethiopia Mobile,Google Play Store
good app,5,2025-05-24 17:06:49,Commercial Bank of Ethiopia Mobile,Google Play Store
i love it üòçüòò,5,2025-05-24 16:05:47,Commercial Bank of Ethiopia Mobile,Google Play Store
It makes life easy!üëå,5,2025-05-24 14:47:07,Commercial Bank of Ethiopia Mobile,Google Play Store
its not fast,1,2025-05-24 14:02:19,Commercial Bank of Ethiopia Mobile,Google Play Store
wow,4,2025-05-24 09:26:38,Commercial Bank of Ethiopia Mobile,Google Play Store
it is sooo good,5,2025-05-24 09:26:18,Commercial Bank of Ethiopia Mobile,Google Play Store
excellent,5,2025-05-24 04:51:52,Commercial Bank of Ethiopia Mobile,Google Play Store
ok,1,2025-05-24 01:33:28,Commercial Bank of Ethiopia Mobile,Google Play Store
Fantastic,5,2025-05-23 23:51:45,Commercial Bank of Ethiopia Mobile,Google Play Store
accessible to using,5,2025-05-23 23:26:13,Commercial Bank of Ethiopia Mobile,Google Play Store
I like it,4,2025-05-23 20:14:08,Commercial Bank of Ethiopia Mobile,Google Play Store
good,5,2025-05-23 20:01:01,Commercial Bank of Ethiopia Mobile,Google Play Store
why you change default network?,5,2025-05-23 18:14:51,Commercial Bank of Ethiopia Mobile,Google Play Store
very nice üëç,5,2025-05-23 17:27:51,Commercial Bank of Ethiopia Mobile,Google Play Store
good,5,2025-05-23 16:15:22,Commercial Bank of Ethiopia Mobile,Google Play Store
nice fast app,5,2025-05-23 15:27:32,Commercial Bank of Ethiopia Mobile,Google Play Store
good,5,2025-05-23 13:04:04,Commercial Bank of Ethiopia Mobile,Google Play Store
best,5,2025-05-23 05:49:33,Commercial Bank of Ethiopia Mobile,Google Play Store
how to I get my money,5,2025-05-23 01:43:04,Commercial Bank of Ethiopia Mobile,Google Play Store
"Very bad, can't even load they need to improve their services.",1,2025-05-22 22:46:06,Commercial Bank of Ethiopia Mobile,Google Play Store
"Very good app, but please make it reliable . it crashes sometimes .",4,2025-05-22 20:33:56,Commercial Bank of Ethiopia Mobile,Google Play Store
very busy I don't know why... I prefer 889,3,2025-05-22 19:55:41,Commercial Bank of Ethiopia Mobile,Google Play Store
"Sometimes it has a nasty lag for several hour fix that , the rest is üëå",4,2025-05-22 19:24:00,Commercial Bank of Ethiopia Mobile,Google Play Store
the most boring Mobil banking application in ethiopia.Please use alternative private banks mobile banking apps,1,2025-05-22 18:27:34,Commercial Bank of Ethiopia Mobile,Google Play Store
hojii bonsaadha,5,2025-05-22 17:52:02,Commercial Bank of Ethiopia Mobile,Google Play Store
ok,5,2025-05-22 17:50:33,Commercial Bank of Ethiopia Mobile,Google Play Store
ok,5,2025-05-22 17:30:13,Commercial Bank of Ethiopia Mobile,Google Play Store
user-friendly apps.because this app is easy.,5,2025-05-22 16:46:03,Commercial Bank of Ethiopia Mobile,Google Play Store
Awosome!!!,5,2025-05-22 16:14:31,Commercial Bank of Ethiopia Mobile,Google Play Store
"Very good app,",5,2025-05-22 16:09:44,Commercial Bank of Ethiopia Mobile,Google Play Store
sync problem may 22 2025 but the date stack on may 8 2025 help pls,5,2025-05-22 16:03:46,Commercial Bank of Ethiopia Mobile,Google Play Store
·ã≠·àÖ ·àò·â∞·åç·â†·à™·ã´ ·â†·å£·àù ·å•·à© ·äê·ãç. this app is very nice,5,2025-05-22 15:20:56,Commercial Bank of Ethiopia Mobile,Google Play Store
I hate this app üòí,1,2025-05-22 12:27:49,Commercial Bank of Ethiopia Mobile,Google Play Store
trustful,5,2025-05-22 11:00:13,Commercial Bank of Ethiopia Mobile,Google Play Store
I like,5,2025-05-22 02:52:56,Commercial Bank of Ethiopia Mobile,Google Play Store
update issue,4,2025-05-22 02:25:20,Commercial Bank of Ethiopia Mobile,Google Play Store
its not working over safari network,1,2025-05-22 02:08:26,Commercial Bank of Ethiopia Mobile,Google Play Store
oldie,1,2025-05-22 00:55:50,Commercial Bank of Ethiopia Mobile,Google Play Store
it doesn't work,1,2025-05-21 20:39:04,Commercial Bank of Ethiopia Mobile,Google Play Store
best,5,2025-05-21 20:18:27,Commercial Bank of Ethiopia Mobile,Google Play Store
"This app is good, and we are using it well",1,2025-05-21 19:43:36,Commercial Bank of Ethiopia Mobile,Google Play Store
ok,5,2025-05-21 19:41:31,Commercial Bank of Ethiopia Mobile,Google Play Store
best app,5,2025-05-21 19:19:48,Commercial Bank of Ethiopia Mobile,Google Play Store
best,5,2025-05-21 19:07:59,Commercial Bank of Ethiopia Mobile,Google Play Store
very nice üëå app for android phone,5,2025-05-21 17:28:54,Commercial Bank of Ethiopia Mobile,Google Play Store
good app,5,2025-05-21 16:20:26,Commercial Bank of Ethiopia Mobile,Google Play Store
Yes Yes,5,2025-05-21 16:01:46,Commercial Bank of Ethiopia Mobile,Google Play Store
·â†·å£·àù ·ä®·à≠·çã·çã,1,2025-05-21 14:37:48,Commercial Bank of Ethiopia Mobile,Google Play Store
easy to use helpful in my life,5,2025-05-21 12:23:24,Commercial Bank of Ethiopia Mobile,Google Play Store
good üëç,4,2025-05-21 12:07:35,Commercial Bank of Ethiopia Mobile,Google Play Store
the best mobile banking app,5,2025-05-21 12:06:37,Commercial Bank of Ethiopia Mobile,Google Play Store
"this app is very useful app,it saves time,and it is secure",4,2025-05-21 11:43:38,Commercial Bank of Ethiopia Mobile,Google Play Store
ok,2,2025-05-21 11:14:52,Commercial Bank of Ethiopia Mobile,Google Play Store
it's a good application üëç,5,2025-05-21 10:58:52,Commercial Bank of Ethiopia Mobile,Google Play Store
the screenshot and the reffresh options are so annoying that makes transaction so delaying activity !,2,2025-05-21 07:02:44,Commercial Bank of Ethiopia Mobile,Google Play Store
poor service,1,2025-05-21 00:22:33,Commercial Bank of Ethiopia Mobile,Google Play Store
amazing,5,2025-05-20 19:28:06,Commercial Bank of Ethiopia Mobile,Google Play Store
it is reliable and easy to use.,5,2025-05-20 17:50:21,Commercial Bank of Ethiopia Mobile,Google Play Store
the most annoying mobile banking app I've ever seen,1,2025-05-20 17:21:51,Commercial Bank of Ethiopia Mobile,Google Play Store
Cbe mobile banking,5,2025-05-20 14:12:05,Commercial Bank of Ethiopia Mobile,Google Play Store
"i can't make Screenshout in this app, please made modification",5,2025-05-20 08:44:31,Commercial Bank of Ethiopia Mobile,Google Play Store
Best app I loved it,5,2025-05-19 02:30:18,Commercial Bank of Ethiopia Mobile,Google Play Store
nice app,5,2025-05-19 02:11:17,Commercial Bank of Ethiopia Mobile,Google Play Store
wow,5,2025-05-18 16:48:55,Commercial Bank of Ethiopia Mobile,Google Play Store
Amazing applicatiom sometimes doesnt work!,5,2025-05-18 16:37:20,Commercial Bank of Ethiopia Mobile,Google Play Store
well satisfied with this beautiful app,5,2025-05-18 11:11:52,Commercial Bank of Ethiopia Mobile,Google Play Store
very good,4,2025-05-17 21:10:29,Commercial Bank of Ethiopia Mobile,Google Play Store
best app.,5,2025-05-17 16:46:51,Commercial Bank of Ethiopia Mobile,Google Play Store
good,5,2025-05-17 16:43:25,Commercial Bank of Ethiopia Mobile,Google Play Store
"not working,why???",5,2025-05-17 16:13:06,Commercial Bank of Ethiopia Mobile,Google Play Store
Great impact but why Developer option turnoff if you fix üôè üôè üôè,5,2025-05-17 13:50:46,Commercial Bank of Ethiopia Mobile,Google Play Store
excellent,5,2025-05-17 07:56:52,Commercial Bank of Ethiopia Mobile,Google Play Store
always disappointing ! especially the iOS one !! some similar local applications are extremely superior to this application!! Really disappointing!,1,2025-05-17 05:00:16,Commercial Bank of Ethiopia Mobile,Google Play Store
woxe harimo ribiso,5,2025-05-17 00:36:55,Commercial Bank of Ethiopia Mobile,Google Play Store
good,5,2025-05-16 13:04:05,Commercial Bank of Ethiopia Mobile,Google Play Store
"Good ,easy to use",5,2025-05-16 11:18:43,Commercial Bank of Ethiopia Mobile,Google Play Store
Good app,5,2025-05-15 18:20:20,Commercial Bank of Ethiopia Mobile,Google Play Store
Good jobüëç,5,2025-05-14 23:26:07,Commercial Bank of Ethiopia Mobile,Google Play Store
good,5,2025-05-14 16:45:59,Commercial Bank of Ethiopia Mobile,Google Play Store
nice,5,2025-05-14 16:20:48,Commercial Bank of Ethiopia Mobile,Google Play Store
"Please kindly ask to update the app and allow us to screenshot, it's convenient and efficient as long as you add security to the access there is no reason to block us from screenshooting our screen.",2,2025-05-14 15:14:19,Commercial Bank of Ethiopia Mobile,Google Play Store
I have using the CBE mobile banking app. and overall i appreciate its Feuteres However i.ve Notticed that when i turn on the Developer options on my divice the App.Stop Functioning prorerly It.Would Be Great If You could look into This issue as l often need to access Developer setting for Otter Application ThankYou For Your attention to This Matter,4,2025-05-13 19:10:52,Commercial Bank of Ethiopia Mobile,Google Play Store
customer service is bad nothing is good about this bank,1,2025-05-13 14:34:12,Commercial Bank of Ethiopia Mobile,Google Play Store
It is Amazing Mobile Banking App....But why the screenshot of the receipt doesnt work,5,2025-05-13 11:43:53,Commercial Bank of Ethiopia Mobile,Google Play Store
fast and simple easy to use üëå,5,2025-05-12 15:39:56,Commercial Bank of Ethiopia Mobile,Google Play Store
The fastest transferring app I ever had its so reliable,5,2025-05-11 14:03:25,Commercial Bank of Ethiopia Mobile,Google Play Store
"Funds transferred from the same bank do not reflect in the account, even though a confirmation text message was received.",3,2025-05-11 11:04:05,Commercial Bank of Ethiopia Mobile,Google Play Store
it's easy and fast,5,2025-05-10 13:39:25,Commercial Bank of Ethiopia Mobile,Google Play Store
This app don't have self activation only you have to look near cbe branch that's disgusting,1,2025-05-10 07:15:08,Commercial Bank of Ethiopia Mobile,Google Play Store
hello dearest CBE office personnel make some benefits for those using interest free accounts thanks for your help,5,2025-05-09 20:45:30,Commercial Bank of Ethiopia Mobile,Google Play Store
wow best application ever,5,2025-05-09 13:22:12,Commercial Bank of Ethiopia Mobile,Google Play Store
good,5,2025-05-09 09:10:20,Commercial Bank of Ethiopia Mobile,Google Play Store
"Am sorry but what does developer mode do to the application ? hack it ? are you sure you are developer or are you stupid, doesnt makes sense,",1,2025-05-08 19:55:11,Commercial Bank of Ethiopia Mobile,Google Play Store
Best,4,2025-05-08 19:35:35,Commercial Bank of Ethiopia Mobile,Google Play Store
the pride of Ethiopian bank üè¶,5,2025-05-08 19:08:07,Commercial Bank of Ethiopia Mobile,Google Play Store
why the app telling me to turn of developer options please fix it.,1,2025-05-07 19:54:08,Commercial Bank of Ethiopia Mobile,Google Play Store
good,5,2025-05-07 17:11:00,Commercial Bank of Ethiopia Mobile,Google Play Store
ok,5,2025-05-07 14:45:15,Commercial Bank of Ethiopia Mobile,Google Play Store
i am very happy . i have small prob. after i transfer i cant put the transfer cashe bil to my dic.,5,2025-05-07 10:04:12,Commercial Bank of Ethiopia Mobile,Google Play Store
ok,5,2025-05-07 09:38:53,Commercial Bank of Ethiopia Mobile,Google Play Store
good,3,2025-05-06 17:38:42,Commercial Bank of Ethiopia Mobile,Google Play Store
amazing apps,5,2025-05-06 16:33:35,Commercial Bank of Ethiopia Mobile,Google Play Store
All service of Mobile Banking,5,2025-05-06 15:35:31,Commercial Bank of Ethiopia Mobile,Google Play Store
needs improvement,1,2025-05-06 13:59:52,Commercial Bank of Ethiopia Mobile,Google Play Store
i miss the old one i couldn't send my mony to other bank..,1,2025-05-06 13:34:08,Commercial Bank of Ethiopia Mobile,Google Play Store
the app is recently crushing each time you open and try to make transfers...it used to be good. take lessons from the Dashen Super app or ethiotelecom. it is not befitting of your experience and glory. inv3st in making it more friendly and convenient. I am considering leaving CBE for good.,2,2025-05-06 13:33:07,Commercial Bank of Ethiopia Mobile,Google Play Store
good,5,2025-05-06 13:28:47,Commercial Bank of Ethiopia Mobile,Google Play Store
good but these week not oky,4,2025-05-06 12:56:15,Commercial Bank of Ethiopia Mobile,Google Play Store
well designed! Fixing bugs & two step verification with biometric... simply it's great!,5,2025-05-06 11:34:36,Commercial Bank of Ethiopia Mobile,Google Play Store
Good app,5,2025-05-06 11:11:13,Commercial Bank of Ethiopia Mobile,Google Play Store
If any developer is reading this please fix the screenshot functionality or at least the download button should work flawlessly without me touching it twenty times.,1,2025-05-05 21:48:43,Commercial Bank of Ethiopia Mobile,Google Play Store
"it's a great job.but one more thing, it hasn't been placed for transfer to other banks on face like mobile charge card place",5,2025-05-05 18:08:53,Commercial Bank of Ethiopia Mobile,Google Play Store
CBE mobilr bankg,5,2025-05-05 14:25:29,Commercial Bank of Ethiopia Mobile,Google Play Store
wow,1,2025-05-05 12:25:17,Commercial Bank of Ethiopia Mobile,Google Play Store
verygood,3,2025-05-05 03:06:27,Commercial Bank of Ethiopia Mobile,Google Play Store
ŸÖŸÖÿ™ÿßÿ≤ ÿ¨ÿØÿß,5,2025-05-04 20:08:37,Commercial Bank of Ethiopia Mobile,Google Play Store
it's very low quality application,1,2025-05-04 19:23:40,Commercial Bank of Ethiopia Mobile,Google Play Store
Very Amazing Apps,5,2025-05-04 18:03:08,Commercial Bank of Ethiopia Mobile,Google Play Store
·ä†·ãõ,1,2025-05-04 17:41:19,Commercial Bank of Ethiopia Mobile,Google Play Store
wow simple life,5,2025-05-04 06:07:03,Commercial Bank of Ethiopia Mobile,Google Play Store
it's nice,5,2025-05-03 20:32:24,Commercial Bank of Ethiopia Mobile,Google Play Store
Why stacked sometimes,5,2025-05-03 14:48:40,Commercial Bank of Ethiopia Mobile,Google Play Store
good app,5,2025-05-03 14:18:05,Commercial Bank of Ethiopia Mobile,Google Play Store
nice,5,2025-05-03 12:54:17,Commercial Bank of Ethiopia Mobile,Google Play Store
okay üëç but sometimes busy,1,2025-05-03 12:04:28,Commercial Bank of Ethiopia Mobile,Google Play Store
the worst commercial company that fails to do even the most normal things again and and again.,1,2025-05-03 11:10:57,Commercial Bank of Ethiopia Mobile,Google Play Store
nice,5,2025-05-03 10:38:48,Commercial Bank of Ethiopia Mobile,Google Play Store
Very good app. but disappointed by general cessation of system.,5,2025-05-02 21:48:08,Commercial Bank of Ethiopia Mobile,Google Play Store
excellent,5,2025-05-02 21:34:09,Commercial Bank of Ethiopia Mobile,Google Play Store
good,5,2025-05-02 20:46:24,Commercial Bank of Ethiopia Mobile,Google Play Store
good,5,2025-05-02 18:41:21,Commercial Bank of Ethiopia Mobile,Google Play Store
Good and fast,5,2025-05-02 18:26:06,Commercial Bank of Ethiopia Mobile,Google Play Store
Unreliable!,1,2025-05-02 18:00:51,Commercial Bank of Ethiopia Mobile,Google Play Store
Best the best fast,5,2025-05-02 17:41:29,Commercial Bank of Ethiopia Mobile,Google Play Store
good app,5,2025-05-02 17:38:21,Commercial Bank of Ethiopia Mobile,Google Play Store
happy,5,2025-05-02 17:21:51,Commercial Bank of Ethiopia Mobile,Google Play Store
fast and reliable,5,2025-05-02 17:09:37,Commercial Bank of Ethiopia Mobile,Google Play Store
network errorrrrrr,2,2025-05-02 16:52:00,Commercial Bank of Ethiopia Mobile,Google Play Store
Best app but there is some problem I can't send money to telebirr or mpesa so if you can add that it could be use full,4,2025-05-02 16:42:07,Commercial Bank of Ethiopia Mobile,Google Play Store
its good and simple to use,5,2025-05-02 15:47:48,Commercial Bank of Ethiopia Mobile,Google Play Store
worest app like that bank for security and network access,1,2025-05-02 15:44:39,Commercial Bank of Ethiopia Mobile,Google Play Store
it's the best app i,5,2025-05-02 15:03:06,Commercial Bank of Ethiopia Mobile,Google Play Store
not bad not good,1,2025-05-02 14:57:44,Commercial Bank of Ethiopia Mobile,Google Play Store
its very nice,5,2025-05-02 14:56:32,Commercial Bank of Ethiopia Mobile,Google Play Store
do not work this week,3,2025-04-30 10:24:09,Commercial Bank of Ethiopia Mobile,Google Play Store
It crashes frequently,4,2025-04-30 07:14:38,Commercial Bank of Ethiopia Mobile,Google Play Store
the best,5,2025-04-28 20:52:10,Commercial Bank of Ethiopia Mobile,Google Play Store
"I can simply describe this app as ""Making all your work easier"".",5,2025-04-28 20:03:30,Commercial Bank of Ethiopia Mobile,Google Play Store
goid,5,2025-04-28 19:58:49,Commercial Bank of Ethiopia Mobile,Google Play Store
best appearance,5,2025-04-27 21:57:03,Commercial Bank of Ethiopia Mobile,Google Play Store
it's very good üëç app,5,2025-04-27 16:40:09,Commercial Bank of Ethiopia Mobile,Google Play Store
I need support you,5,2025-04-27 00:36:30,Commercial Bank of Ethiopia Mobile,Google Play Store
the worst Mobile banking i have ever seen in my life,1,2025-04-26 23:06:19,Commercial Bank of Ethiopia Mobile,Google Play Store
super,5,2025-04-26 16:12:32,Commercial Bank of Ethiopia Mobile,Google Play Store
·å†·åÄ·å®·åà·åÄ·ç¢·åÄ·åà,5,2025-04-26 13:34:03,Commercial Bank of Ethiopia Mobile,Google Play Store
i like the app,5,2025-04-26 12:43:28,Commercial Bank of Ethiopia Mobile,Google Play Store
the Best,1,2025-04-26 11:51:19,Commercial Bank of Ethiopia Mobile,Google Play Store
nice,5,2025-04-26 09:52:40,Commercial Bank of Ethiopia Mobile,Google Play Store
good,5,2025-04-26 02:03:26,Commercial Bank of Ethiopia Mobile,Google Play Store
good,5,2025-04-25 14:23:17,Commercial Bank of Ethiopia Mobile,Google Play Store
to other bank is bad,1,2025-04-25 11:12:26,Commercial Bank of Ethiopia Mobile,Google Play Store
tank's,5,2025-04-25 09:22:36,Commercial Bank of Ethiopia Mobile,Google Play Store
its good but add more features such like. bank statement showing,5,2025-04-24 16:34:59,Commercial Bank of Ethiopia Mobile,Google Play Store
it is so nice,5,2025-04-24 15:18:02,Commercial Bank of Ethiopia Mobile,Google Play Store
good,5,2025-04-21 18:27:21,Commercial Bank of Ethiopia Mobile,Google Play Store
Very Goodüëç,5,2025-04-21 18:13:05,Commercial Bank of Ethiopia Mobile,Google Play Store
"my first frequent experience of cbe app is critical-time failure such as suspending payment on air for 2-5 days with zero explanation, deducting from sender account without depositing to the receiver act. Another fatal error by the banking company as a whole (not the app itself though) is forced-banking with corporations without consent of employers-users of the corresponding corporations",2,2025-04-21 14:44:01,Commercial Bank of Ethiopia Mobile,Google Play Store
"wow, amazing app",5,2025-04-21 13:35:11,Commercial Bank of Ethiopia Mobile,Google Play Store
use ful,5,2025-04-21 11:11:23,Commercial Bank of Ethiopia Mobile,Google Play Store
Great app,5,2025-04-21 11:05:41,Commercial Bank of Ethiopia Mobile,Google Play Store
well app,5,2025-04-20 16:14:07,Commercial Bank of Ethiopia Mobile,Google Play Store
Actually it is inactive,4,2025-04-19 22:01:42,Commercial Bank of Ethiopia Mobile,Google Play Store
good,4,2025-04-19 21:10:32,Commercial Bank of Ethiopia Mobile,Google Play Store
ok,2,2025-04-19 19:39:28,Commercial Bank of Ethiopia Mobile,Google Play Store
best app,5,2025-04-19 17:51:50,Commercial Bank of Ethiopia Mobile,Google Play Store
amazing,1,2025-04-19 16:56:43,Commercial Bank of Ethiopia Mobile,Google Play Store
good,5,2025-04-19 16:14:01,Commercial Bank of Ethiopia Mobile,Google Play Store
I like,5,2025-04-19 15:52:13,Commercial Bank of Ethiopia Mobile,Google Play Store
"slow, only one account is used",2,2025-04-19 10:37:43,Commercial Bank of Ethiopia Mobile,Google Play Store
ok,5,2025-04-19 02:03:14,Commercial Bank of Ethiopia Mobile,Google Play Store
always CBE is the leading Commercial Banküí™üí™üí™,5,2025-04-18 21:11:57,Commercial Bank of Ethiopia Mobile,Google Play Store
i like it,5,2025-04-18 21:02:33,Commercial Bank of Ethiopia Mobile,Google Play Store
why removing screenshot feature why?,1,2025-04-18 18:47:21,Commercial Bank of Ethiopia Mobile,Google Play Store
nice apps where network is good in connection,5,2025-04-18 17:30:08,Commercial Bank of Ethiopia Mobile,Google Play Store
Thank you!!!,5,2025-04-18 14:40:52,Commercial Bank of Ethiopia Mobile,Google Play Store
i can't take screenshot,1,2025-04-18 11:59:02,Commercial Bank of Ethiopia Mobile,Google Play Store
"every update was made the system better and better until the March 19th, 2025 update, not allowing us to screenshot. you guys didn't understand how much it's a really quick and significant thing. You add extra steps to us, which makes the process draw back",3,2025-04-18 11:22:05,Commercial Bank of Ethiopia Mobile,Google Play Store
perfectly special,5,2025-04-18 09:54:09,Commercial Bank of Ethiopia Mobile,Google Play Store
Fast and Reliable,5,2025-04-18 08:32:31,Commercial Bank of Ethiopia Mobile,Google Play Store
good,5,2025-04-17 21:23:35,Commercial Bank of Ethiopia Mobile,Google Play Store
The best application I have ever seen in Ethiopia banking industry.,5,2025-04-17 18:58:17,Commercial Bank of Ethiopia Mobile,Google Play Store
great app!!!,5,2025-04-17 10:12:46,Commercial Bank of Ethiopia Mobile,Google Play Store
because sometimes it doesn't working it load too much,3,2025-04-17 09:01:39,Commercial Bank of Ethiopia Mobile,Google Play Store
"Absolutely the best app! It works flawlessly, anytime and anywhere.",5,2025-04-17 04:08:27,Commercial Bank of Ethiopia Mobile,Google Play Store
ok,3,2025-04-16 19:36:58,Commercial Bank of Ethiopia Mobile,Google Play Store
very nice app ever!!!,5,2025-04-16 18:40:04,Commercial Bank of Ethiopia Mobile,Google Play Store
the best app,5,2025-04-16 18:25:00,Commercial Bank of Ethiopia Mobile,Google Play Store
Biometric security for mobile banking is not available,5,2025-04-16 08:57:55,Commercial Bank of Ethiopia Mobile,Google Play Store
great,5,2025-04-15 20:17:23,Commercial Bank of Ethiopia Mobile,Google Play Store
Nice service,5,2025-04-15 19:05:24,Commercial Bank of Ethiopia Mobile,Google Play Store
great app,5,2025-04-15 18:53:26,Commercial Bank of Ethiopia Mobile,Google Play Store
it's special apps,5,2025-04-15 11:31:03,Commercial Bank of Ethiopia Mobile,Google Play Store
"In the updated version of the app, it takes more time to download the receipt.",3,2025-04-15 08:09:02,Commercial Bank of Ethiopia Mobile,Google Play Store
·àà·àù·äï·ãµ·äê·ãç ·âµ·à´·äï·ãõ·ä≠·àΩ·äï ·âµ·äï·àΩ ·â•·âª ·ã®·àö·ã´·à≥·ã®·ãç ?,3,2025-04-14 23:37:05,Commercial Bank of Ethiopia Mobile,Google Play Store
Good üî•,5,2025-04-14 18:29:53,Commercial Bank of Ethiopia Mobile,Google Play Store
very interesting app i am using every day fantastic,5,2025-04-14 14:12:07,Commercial Bank of Ethiopia Mobile,Google Play Store
lebaa bank,5,2025-04-14 13:48:30,Commercial Bank of Ethiopia Mobile,Google Play Store
Can't scan/recognize other banks' Interoperable QR Codes,1,2025-04-13 23:48:47,Commercial Bank of Ethiopia Mobile,Google Play Store
OK,5,2025-04-13 19:28:45,Commercial Bank of Ethiopia Mobile,Google Play Store
grateful app,5,2025-04-13 15:33:17,Commercial Bank of Ethiopia Mobile,Google Play Store
100% ‚ù§Ô∏è‚ù§Ô∏è‚ù§Ô∏èüôèüôèüôèüôèüôèüôèüôèüôèüôèüôèüôèüôèüôèüôèüôèüôè,5,2025-04-13 14:00:29,Commercial Bank of Ethiopia Mobile,Google Play Store
everthing wellbeok,3,2025-04-13 10:20:40,Commercial Bank of Ethiopia Mobile,Google Play Store
"""This mobile banking app is fast and user-friendly, but the only issue I encountered is that I can't access my bank statement within the app. I kindly request that this feature be added, similar to what is offered by other private bank mobile banking apps.",4,2025-04-13 00:37:04,Commercial Bank of Ethiopia Mobile,Google Play Store
nice app üëå,5,2025-04-12 22:44:46,Commercial Bank of Ethiopia Mobile,Google Play Store
why did this app is not screenshot,5,2025-04-12 21:57:56,Commercial Bank of Ethiopia Mobile,Google Play Store
it so good app,5,2025-04-12 21:42:12,Commercial Bank of Ethiopia Mobile,Google Play Store
the best app,3,2025-04-12 09:53:03,Commercial Bank of Ethiopia Mobile,Google Play Store
ÿ¨ŸÖŸäŸÑ,5,2025-04-11 17:47:43,Commercial Bank of Ethiopia Mobile,Google Play Store
"less network, specially to make fee for utility purpose",1,2025-04-11 15:04:22,Commercial Bank of Ethiopia Mobile,Google Play Store
nice,5,2025-04-11 13:53:40,Commercial Bank of Ethiopia Mobile,Google Play Store
simply for used,4,2025-04-11 01:44:02,Commercial Bank of Ethiopia Mobile,Google Play Store
wow keep up,5,2025-04-10 19:52:15,Commercial Bank of Ethiopia Mobile,Google Play Store
its great app but when updating we can't take screen shot please try to fix it,3,2025-04-10 19:18:15,Commercial Bank of Ethiopia Mobile,Google Play Store
good one,5,2025-04-10 17:48:30,Commercial Bank of Ethiopia Mobile,Google Play Store
best app.,5,2025-04-10 17:25:11,Commercial Bank of Ethiopia Mobile,Google Play Store
everything is easy thank you cebe,5,2025-04-10 14:03:46,Commercial Bank of Ethiopia Mobile,Google Play Store
·çà·å£·äï ·âÄ·àç·å£·çã,5,2025-04-10 10:23:27,Commercial Bank of Ethiopia Mobile,Google Play Store
good,5,2025-04-10 08:35:36,Commercial Bank of Ethiopia Mobile,Google Play Store
ok,5,2025-04-10 00:09:52,Commercial Bank of Ethiopia Mobile,Google Play Store
·åé·â†·ãù,5,2025-04-09 22:39:46,Commercial Bank of Ethiopia Mobile,Google Play Store
good app,5,2025-04-09 17:44:25,Commercial Bank of Ethiopia Mobile,Google Play Store
but this app says can't sync,5,2025-04-09 17:09:47,Commercial Bank of Ethiopia Mobile,Google Play Store
waw,5,2025-04-09 15:59:48,Commercial Bank of Ethiopia Mobile,Google Play Store
to slow,3,2025-04-09 14:32:30,Commercial Bank of Ethiopia Mobile,Google Play Store
work on screen shot system,4,2025-04-08 20:15:30,Commercial Bank of Ethiopia Mobile,Google Play Store
very very nice aplication,1,2025-04-08 18:14:50,Commercial Bank of Ethiopia Mobile,Google Play Store
Good,5,2025-04-08 17:28:38,Commercial Bank of Ethiopia Mobile,Google Play Store
wonder full and it is easy to use,5,2025-04-08 15:41:25,Commercial Bank of Ethiopia Mobile,Google Play Store
easy and reliable,2,2025-04-08 13:16:22,Commercial Bank of Ethiopia Mobile,Google Play Store
good,5,2025-04-08 08:59:33,Commercial Bank of Ethiopia Mobile,Google Play Store
it is Very Useful app üëç,5,2025-04-07 21:32:32,Commercial Bank of Ethiopia Mobile,Google Play Store
very good,5,2025-04-07 18:44:24,Commercial Bank of Ethiopia Mobile,Google Play Store
perfect app,5,2025-04-07 17:43:42,Commercial Bank of Ethiopia Mobile,Google Play Store
I like it.,5,2025-04-07 15:58:32,Commercial Bank of Ethiopia Mobile,Google Play Store
bugs,3,2025-04-07 08:41:28,Commercial Bank of Ethiopia Mobile,Google Play Store
commerial Bank,5,2025-04-06 23:24:32,Commercial Bank of Ethiopia Mobile,Google Play Store
Genat biru,2,2025-04-06 22:00:01,Commercial Bank of Ethiopia Mobile,Google Play Store
üôè,5,2025-04-06 21:36:20,Commercial Bank of Ethiopia Mobile,Google Play Store
it is good but it doesn't allow screen shot,4,2025-04-06 20:41:11,Commercial Bank of Ethiopia Mobile,Google Play Store
the best one,5,2025-04-06 18:47:53,Commercial Bank of Ethiopia Mobile,Google Play Store
You need to copy many things from other bank apps like Amole(Dashen),2,2025-04-06 10:41:10,Commercial Bank of Ethiopia Mobile,Google Play Store
bring back the screenshot feature.,1,2025-04-05 20:17:01,Commercial Bank of Ethiopia Mobile,Google Play Store
Good!üëç,3,2025-04-05 16:51:40,Commercial Bank of Ethiopia Mobile,Google Play Store
best app to experience him that to smooth transaction among the customers,1,2025-04-05 14:33:24,Commercial Bank of Ethiopia Mobile,Google Play Store
good,5,2025-04-05 09:34:22,Commercial Bank of Ethiopia Mobile,Google Play Store
nice app suitable to use it. the only weak side is it need data connections and hoping will be fixed to offline i gave 4 rate,4,2025-04-05 05:18:52,Commercial Bank of Ethiopia Mobile,Google Play Store
easy to use,5,2025-04-05 04:27:33,Commercial Bank of Ethiopia Mobile,Google Play Store
"Good job to the CBE team on this mobile app! It's designed in a way that's simple and intuitive to navigate, which is great for everyone. It effectively handles the essential banking tasks I need to perform regularly. It's a practical and reliable tool that makes everyday banking much more convenient. Thank you for this useful application.",5,2025-04-04 22:18:47,Commercial Bank of Ethiopia Mobile,Google Play Store
·àà·äî ·â†·å£·àù ·àù·à≠·å• ·äê·ãç ·åç·äï screenshot ·àõ·à®·åç ·â¢·âª·àç ·àù·à≠·å• ·äê·â†·à≠,5,2025-04-04 17:18:55,Commercial Bank of Ethiopia Mobile,Google Play Store
before it was smooth and good. this time after the new update in 2025 i can not make screenshot of my recite. even the downlod button is very delayed in putting my recite in my gallery for simple proof. please fix this i am unable to show proof of payment to my clients. thankyou.,3,2025-04-04 13:50:52,Commercial Bank of Ethiopia Mobile,Google Play Store
cool ‚ù§,4,2025-04-04 13:32:01,Commercial Bank of Ethiopia Mobile,Google Play Store
Best app,5,2025-04-04 05:31:48,Commercial Bank of Ethiopia Mobile,Google Play Store
great app,5,2025-04-03 20:30:39,Commercial Bank of Ethiopia Mobile,Google Play Store
best banking App,4,2025-04-03 20:27:17,Commercial Bank of Ethiopia Mobile,Google Play Store
satisfied,5,2025-04-03 18:09:34,Commercial Bank of Ethiopia Mobile,Google Play Store
this app is very necessary app many people found it,5,2025-04-03 17:03:33,Commercial Bank of Ethiopia Mobile,Google Play Store
cbe very active Bank I'm using CBE app very very satisfaction,5,2025-04-03 16:04:21,Commercial Bank of Ethiopia Mobile,Google Play Store
It made life alot easier. I cant even imagine having to make all those transactions in person. So this app was crucial for me. Very good app. well done.,5,2025-04-03 12:42:41,Commercial Bank of Ethiopia Mobile,Google Play Store
excellent,5,2025-04-03 08:53:46,Commercial Bank of Ethiopia Mobile,Google Play Store
perfect,5,2025-04-03 02:17:01,Commercial Bank of Ethiopia Mobile,Google Play Store
thankyou,5,2025-04-02 21:36:00,Commercial Bank of Ethiopia Mobile,Google Play Store
I Like it,5,2025-04-02 21:09:13,Commercial Bank of Ethiopia Mobile,Google Play Store
ok,5,2025-04-02 20:08:03,Commercial Bank of Ethiopia Mobile,Google Play Store
"I don't understand the reason, why I need to disable developer options to access the app, it has no security risks nor does it hinder the app's functionalities. This goes out to the dev, I hope your life is filled with inconveniences.",1,2025-04-02 16:13:34,Commercial Bank of Ethiopia Mobile,Google Play Store
smart app,5,2025-04-02 14:29:55,Commercial Bank of Ethiopia Mobile,Google Play Store
isin ga'a,2,2025-04-02 12:00:12,Commercial Bank of Ethiopia Mobile,Google Play Store
easy to use,5,2025-04-02 07:37:27,Commercial Bank of Ethiopia Mobile,Google Play Store
it's great,5,2025-04-02 04:19:30,Commercial Bank of Ethiopia Mobile,Google Play Store
very good app and stars faction with work,5,2025-04-02 01:37:43,Commercial Bank of Ethiopia Mobile,Google Play Store
It is excelent,5,2025-04-01 23:45:32,Commercial Bank of Ethiopia Mobile,Google Play Store
Smart,5,2025-04-01 23:41:16,Commercial Bank of Ethiopia Mobile,Google Play Store
·â†·ã®·ãà·à© ·ä†·çï·ã∞·âµ ·ä•·ã®·å†·ã®·âÄ·äù ·äê·ãç ·àà·äê·åà·à© ·â•·à≠ ·àµ·àå·àà·äù ·ã≠·àÜ·äì·àç ·ä•·äì ·àù·äï ·àà·àõ·àà·âµ ·çà·àç·åà ·àò·à∞·àã·âπ ·ãà·àã·àÖ ·âº·åç·àÆ·äõ·àç ü•∫ü•∫ü•∫,3,2025-04-01 19:16:48,Commercial Bank of Ethiopia Mobile,Google Play Store
very interesting app,5,2025-04-01 19:10:43,Commercial Bank of Ethiopia Mobile,Google Play Store
i like it,5,2025-04-01 19:00:17,Commercial Bank of Ethiopia Mobile,Google Play Store
wow.......cbe.....keep it up.....!!!!!!,5,2025-04-01 17:05:08,Commercial Bank of Ethiopia Mobile,Google Play Store
·åä·ãú·äï ·âÜ·å£·â¢ ·ä•·äì ·àÖ·ã≠·ãà·âµ·äï ·âÄ·àà·àç ·ä®·àö·ã´·ã∞·à≠·åâ ·ä¢·âµ·ã¨·å≤·ã´ ·ä´·àâ ·çã·ã≠·äì·äï·àµ ·ä†·çï·àç·ä¨·àΩ·äñ·âΩ ·àÅ·àâ ·ã≠·àÑ ·ã≠·àà·ã´·àç,5,2025-04-01 16:58:25,Commercial Bank of Ethiopia Mobile,Google Play Store
Excellentüôèapp,5,2025-04-01 15:09:01,Commercial Bank of Ethiopia Mobile,Google Play Store
the most useful,5,2025-04-01 14:48:59,Commercial Bank of Ethiopia Mobile,Google Play Store
I am more satisfied in this app . More sure you have to secure.,4,2025-04-01 14:37:20,Commercial Bank of Ethiopia Mobile,Google Play Store
Easy to use,5,2025-04-01 14:04:45,Commercial Bank of Ethiopia Mobile,Google Play Store
"very good, but sometimes NUR CBE comes without my consent. even if I choose locked, it appears",4,2025-04-01 13:52:59,Commercial Bank of Ethiopia Mobile,Google Play Store
Excellent !!!,5,2025-04-01 13:49:06,Commercial Bank of Ethiopia Mobile,Google Play Store
always we relay on,5,2025-04-01 12:33:40,Commercial Bank of Ethiopia Mobile,Google Play Store
I'm lucky to have thisüôè thank you CBE.,5,2025-04-01 12:23:51,Commercial Bank of Ethiopia Mobile,Google Play Store
it's need more improvement like Tellbirr.,4,2025-04-01 11:53:22,Commercial Bank of Ethiopia Mobile,Google Play Store
goode app,5,2025-04-01 11:38:56,Commercial Bank of Ethiopia Mobile,Google Play Store
a very nice app.üëçüëçüëç,5,2025-04-01 09:58:58,Commercial Bank of Ethiopia Mobile,Google Play Store
safe easy & fast,5,2025-04-01 09:56:59,Commercial Bank of Ethiopia Mobile,Google Play Store
perfect,5,2025-04-01 09:51:55,Commercial Bank of Ethiopia Mobile,Google Play Store
it's good app,5,2025-04-01 09:41:54,Commercial Bank of Ethiopia Mobile,Google Play Store
nice,5,2025-04-01 09:34:36,Commercial Bank of Ethiopia Mobile,Google Play Store
good app,5,2025-04-01 09:08:41,Commercial Bank of Ethiopia Mobile,Google Play Store
It is veary useful app but screen shout was impossible .solve this problem,5,2025-04-01 08:59:21,Commercial Bank of Ethiopia Mobile,Google Play Store
·å•·à© ·äê·ãç,5,2025-04-01 08:59:11,Commercial Bank of Ethiopia Mobile,Google Play Store
·ä•·åÖ·åç ·â†·å£·àù ·å•·à© ·ä†·çï,5,2025-04-01 08:47:19,Commercial Bank of Ethiopia Mobile,Google Play Store
good,5,2025-04-01 08:24:25,Commercial Bank of Ethiopia Mobile,Google Play Store
·â†·å£·àù ·àÉ·à™·çç ·äê·ãç ·åç·äï ·â•·à≠ ·â†·àö·â∞·àã·àà·çç·â†·âµ ·ãà·âÖ·âµ ·â∞·âÄ·äï·à∑·àç ·ã≠·àã·àç ·ä•·àã·çä ·àò·àç·ä≠·â± ·ã≠·ã∞·à≠·à≥·àç ·åç·äï ·ä†·ã≠·âÄ·äï·àµ·àù,5,2025-04-01 07:44:30,Commercial Bank of Ethiopia Mobile,Google Play Store
suitable app,4,2025-04-01 07:44:01,Commercial Bank of Ethiopia Mobile,Google Play Store
Dear cbe this app is not comparable with 21century and pls try to solve it.üíÄüíÄüíÄ,1,2025-04-01 06:32:36,Commercial Bank of Ethiopia Mobile,Google Play Store
Good,5,2025-04-01 06:20:58,Commercial Bank of Ethiopia Mobile,Google Play Store
nice app,5,2025-04-01 06:18:50,Commercial Bank of Ethiopia Mobile,Google Play Store
best transaction method of financial,5,2025-04-01 06:00:41,Commercial Bank of Ethiopia Mobile,Google Play Store
#CBE is Now going to on the right Pathway/track/!! Thank you CBE one step ahead on payment platform app!!,5,2025-04-01 05:24:12,Commercial Bank of Ethiopia Mobile,Google Play Store
It literarily don't work at all,4,2025-04-01 04:58:15,Commercial Bank of Ethiopia Mobile,Google Play Store
good give us plus,5,2025-04-01 03:04:22,Commercial Bank of Ethiopia Mobile,Google Play Store
